"Planta ","NOMBRES COMUNES","N0MBRE CIENTÌFICO","Propiedad","Parte","Tipo de uso","Componentes","Contraindicaciones"
"GINSENG","Ginseng, mandragora.","Panax ginseng C.C. Mey.","Afrodisiaco","Raiz.","Interno","conocidos como panaxosidos o ginsenosidos los cuales pueden hidrolizarse liberando las agliconas que se denominan panaxadioles o panaxatrioles. Contiene ademas aceite esencial, polisacaridos, proteinas, acidos fenolicos y esteroides (","Embarazo, lactancia, hipertension y ansiedad."
"GUARANA","Guarana, cupana, paulinia, guaranazeiro, guanazeiro, guara.","Paullinia cupana H.B.K.","Afrodisiaco","Semillas","Interno","alcaloides (cafeina, teobromina, teofilina), taninos, pectina, saponinas y aceite esencial con sequiterpenos, monoterpenos, anetol y estragol ","Embarazo y lactancia, personas con patologias cardiovasculares o sensibles a la cafeina, ansiedad, colon irritable, arritmias."
"SAUCE","Sauce, sauce chileno, sauce amargo, sauz.","Salix humboldtiana ","Afrodisiaco ","Corteza y hojas.","Interno","salicina, un glucosido que se hidroliza produciendo saligenina y dextrosa. Ademas se encuentran taninos, aceite esencial, flavonoides y un colorante. ","Hipersensibilidad a alguno de los componentes de la planta y a los salicilatos. "
"ANAMU","Anamu, apacin, mapurito, ajillo, zorrillo, hierba hedionda, jazmillo, mazote, chanviro, mucura, tipi, raiz de pipi, anamo,urgat.","Petiveria alliacea L.","Emenagogo","Hojas","Oral","trisulfuros, aceite esencial, triterpenos, esteroides, alcaloides, flavonoides, taninos, cumarinas, alantoina, acidos oleico, linolenico, palmitico, estearico, lignocerico","embarazo, lactancia"
"BALSAMINA","Balsamina, bejuco de coje, subicogen, pepinillo, pepino cimarron.","Momordica charantia L.","Emenagogo","Hojas","Oral","alcaloides, esteroides, terpenoides, flavonoides, saponinas, compuestos fenolicos, taninos y triterpenos.  triterpenos pentaciclicos, (momordicina, momordicinina, momordicilina), esteroles, aminoacidos, alcaloides, acido ascorbico, citrulina y niacina","hipoglicemia, cetoacidosis diabetica, embarazo, lactancia, menores de 18 anos"
"BRUSCA","Bicho de cafe, brusca, busaca, cafe de brusca, cafecillo, cimarron, moquillo, yerba de murcielago.","Cassia occidentalis L.","Emenagoga","Hojas/Semillas","Oral","lipidos, carotenoides, tocoferoles, aminoacidos, carbohidratos, alcaloides, saponinas, taninos, mucilago y aceites fijos.  reina, aloe-emodina, crisofanol, galactomananos, y toxoalbumina, xantona (casiolina), 0-sitosterol, derivados de 1,4,5-trihidroxiantraquinona (islandicina, helmintosporina, xantorina) y fitostertina ","El extracto de las hojas de Cassia occidentalis esta contraindicado durante el embarazo y en personas con baja tension arterial"
"CALÈNDULA","Calendula, maravilla del crisol, flor de todos los meses.","Calendula officinalis L.","Emenagoga","Flores.","Interno/Externo","carvona, cariofileno, mentona, isomentona, terpineno, cadineno, pedunculatina, cariofilencetona, a y 0-ionona, a-muroleno, geranilcetona y los sequiterpenos epicubebol aloaromadentrol carotenoides (0-caroteno, violaxantina, rubixantina, citroxantina, flavoxantina, luteina, licopeno, auroxantina y microxantina), flavonoides (rutenosido, isoharmentina, quercetina, calendoflosido, calendoflavonosido, isoquercitina y kamferol), triterpenos, saponinas, acidos fenolicos (cumarico, gentisico, cafeico, siringico, vainillinico, ferulico, p-hidroxibenzoico, salicilico y clorogenico), cumarinas (escopoletina, umbeliferona y esculetina), alcoholes triterpenicos, taninos, triterpenoides pentaciclicos y esteroles libres, esterificados y glucosilados","Por uso interno: embarazo y lactancia. Por uso externo: puede producir irritacion e hipersensibilidad."
"CULANTRO","Culantro, cilantro, coriander, chicoria, culantro de coyote, culantron, culantro de sabana, culantro hediondo, cimarron, pericon, cilantron, acopate.","Eryngium foetidum L.","Emenagogo","Partes aereas.","Interno","flavonoides, saponinas, triterpenos, taninos, caroteno, riboflavina, estigmasterol, campesterol, beta-sitosterol y aceite esencial constituido principalmente por alfa-pineno ","No usar durante el embarazo, lactancia, ni en ninos menores de 3 anos."
"PEREJIL","Perejil.","Petroselinum crispum ","Emenagoga","Hojas, frutos y raices.","Interno","flavonoides, cumarinas, furanocumarinas, carotenoides, tocoferol, acido ascorbico, compuestos volatiles y sesquiterpenos. El aceite esencial contiene miristicina, apiol, a y 0-pineno y otros terpenos. taninos, esteroides y triterpenos. flavonoides glicosilados, aceite esencial, acido petroselinico y furanocumarinas (bergapteno). aceite esencial en menor proporcion, flavonoides, furanocumarinas y vitaminas A, B y C ","Embarazo y lactancia. Insuficiencia renal. "
"PRONTO ALIVIO","Falsa melissa, pronto alivio, quita dolor, menta americana, poleo, salvia americana, toronjil de Espana, toronjil isleno, toronjil mentol, hierba del negro, mirto, orozul, salva-brava, cidrila, orozul de menta, orozul de palo, salvavida, cidrela, malojillo extranjero, curalotodo.","Lippia alba ","Emenagogo","Partes aereas","Interno/Externo","alcaloides, flavonoides, taninos e iridoides. Por estudios efectuados con el aceite esencial de las hojas es posible distinguir en esta especie tres quimiotipos citral- mirceno, citral-limoneno y carvona-limoneno. En las hojas se han encontrado alcaloides, flavonoides, aceite esencial (geranial, cariofileno, citronelal y otros terpenos) ","Decoccion e infusion de las hojas de la planta."
"RUDA","Ruda","Ruta graveolens L.","Emenagogo.","Parte aerea","Interno","esencial rico en metilcetonas y furanocumarinas (bergapteno, psoraleno, xantoxantina, xantotoxina, rutamarina), alcaloides (arborina, arborinina, graveolina, graveolinina, rutacridona, skiminina), pineno, limoneno, cineol, fenol, lignanos y rutina","Embarazo y lactancia. Debe utilizarse con cautela en pacientes con historia de insuficiencia cardiaca, arritmias o que esten empleando medicamentos anti- hipertensivos "
"SAUCE","Sauce, sauce chileno, sauce amargo, sauz.","Salix humboldtiana ","Emenagogo","Corteza y hojas.","Interno","salicina, un glucosido que se hidroliza produciendo saligenina y dextrosa. Ademas se encuentran taninos, aceite esencial, flavonoides y un colorante. ","Hipersensibilidad a alguno de los componentes de la planta y a los salicilatos. "
"ENELDO","Anethum graveolens L.","Galactogogas","Semillas","Interno","flavonoides (kanferol, quercetina e iso-ramnetina), cumarinas (escopoletina, esculetina, bergapteno y umbeliferona), acidos fenolicos (cafeico y clorogenico), aceites fijos, proteinas, beta-sitosterol, triterpenos y aceite esencial con carvona, d-limoneno, felandreno, eugenol, anetol, cariofileno, miristicina, alfa-pineno y mirceno. Contiene tambien compuestos con selenio","El aceite esencial induce aberraciones en los cromosomas de linfocitos humanos e inhibe parcialmente la actividad mitotica","-"
"SAUCO","Sambucus nigra L.","Galactogogas","Hojas, flores y frutos,","Interno","aceite esencial, flavonoides (rutina, isoquercitrina, astragalina y quercitrina), acidos cafeico, ferulico y sus esteres, sambunigrina, (heterosido cianogenetico), triterpenos, a y 0-amirina, mucilago y taninos. Los frutos contienen heterosidos (sambucina, sambucianina y crisantemina), aceite esencial, azucares y vitamina C. En las semillas estan presentes los heterosidos cianogeneticos sambunigrina, prunasina, zierina y holocalina ","Embarazo y lactancia, ","-"
"ACHIOTE","Bija, achiote, achote, bicha, onoto, anato, urucu.","Bixa orellana L.","Cicatrizante","Semillas","Externo","bixina, norbixina, fitoeno,caroteno,saponinas,compuestos fenolicos, aceites fijos, terpenoides, tocotrienoles, flavonoides, luteolina y apigenina","Uso externo unicamente."
"ANAMU","Anamu, apacin, mapurito, ajillo, zorrillo, hierba hedionda, jazmillo, mazote, chanviro, mucura, tipi, raiz de pipi, anamo,urgat.","Petiveria alliacea L.","Cicatrizante","Hojas","Oral","trisulfuros, aceite esencial, triterpenos, esteroides, alcaloides, flavonoides, taninos, cumarinas, alantoina, acidos oleico, linolenico, palmitico, estearico, lignocerico","embarazo, lactancia"
"ARNICA","Arnica de las montanas, estornudadera, tabaco de montana, quina de los pobres.","Arnica montana L.","Cicatrizante,","Flores","Externo","sesquiterpenlactonas helenalina y 11a,13-dihidrohelenalina. Las flores contienen ademas, flavonoides (isoquercitrina y astragalina), derivados del acido quinico y arnicina.","hipersensibilidad a componentes, heridas abiertas"
"BALSAMINA","Balsamina, bejuco de coje, subicogen, pepinillo, pepino cimarron.","Momordica charantia L.","Cicatrizante","Fruto","Externo","alcaloides, esteroides, terpenoides, flavonoides, saponinas, compuestos fenolicos, taninos y triterpenos.  triterpenos pentaciclicos, (momordicina, momordicinina, momordicilina), esteroles, aminoacidos, alcaloides, acido ascorbico, citrulina y niacina","hipoglicemia, cetoacidosis diabetica, embarazo, lactancia, menores de 18 anos"
"BOTON NEGRO","Boton negro, cuchilla de Perdomo, cabezona.","Hyptis capitata Jacq.","Cicatrizante","Planta completa","Externo","triterpenos, monoterpenos,β-cariofileno, flavonoides y lignanos ","embarazo,  hipersensibilidad a componentes"
"CALÈNDULA","Calendula, maravilla del crisol, flor de todos los meses.","Calendula officinalis L.","Cicatrizante","Flores.","Interno/Externo","carvona, cariofileno, mentona, isomentona, terpineno, cadineno, pedunculatina, cariofilencetona, a y 0-ionona, a-muroleno, geranilcetona y los sequiterpenos epicubebol aloaromadentrol carotenoides (0-caroteno, violaxantina, rubixantina, citroxantina, flavoxantina, luteina, licopeno, auroxantina y microxantina), flavonoides (rutenosido, isoharmentina, quercetina, calendoflosido, calendoflavonosido, isoquercitina y kamferol), triterpenos, saponinas, acidos fenolicos (cumarico, gentisico, cafeico, siringico, vainillinico, ferulico, p-hidroxibenzoico, salicilico y clorogenico), cumarinas (escopoletina, umbeliferona y esculetina), alcoholes triterpenicos, taninos, triterpenoides pentaciclicos y esteroles libres, esterificados y glucosilados","Por uso interno: embarazo y lactancia. Por uso externo: puede producir irritacion e hipersensibilidad."
"COL","Col, repollo.","Brassica oleracea L. DC.","Cicatrizante","Hojas","Interno","azufrados, acidos aconitico, citrico, malico, quinico y fumarico, vitamina C, 0-caroteno, vitamina E, compuestos fenolicos, inositol, proteinas, calcio y hierro. ","Hipotiroidismo, tratamiento con anticoagulantes tipo warfarina."
"GERANIO","Geranio","Pelargonium sidoides DC.","Cicatrizante ","Raiz","Interno","cumarinas, fenoles, acido galico, proantocianidinas, epigalocatequina y galocatequina, 7-hidroxi-cumarinas (umckalina), taninos, aminoacidos, acidos cafeico, clorogenico y p-cumarico y flavonoides ","Hipersensibilidad a los componentes de la planta, tendencia hemorragica aumentada, enfermedades graves hepaticas o renales, embarazo y lactancia. "
"GUALANDAY","Gualanday, acacia, aceituno, caballito, caro, cornique, guayacan, palo de boba, pinon de oreja.","Jacaranda caucana Pittier.","Cicatrizante","Hojas.","Externo","Jacarona, acido jacarandico, P-sitosterol, acido ursolico, acido jacoumarico, acido betulinico, acido 2-0-hidroxiursolico y triterpenos","Solo para uso externo."
"LLANTEN","Llanten, llanten mayor o comun, cola de ardilla, planten, yanten.","Plantago major L.","Cicatrizante","Hojas y partes aereas.","Externo","mucilago, taninos, flavonoides, (apigenina, baicaleina, luteolina, escutelarina), cumarinas, glucosidos, acidos organicos (benzoico, cinamico, fumarico, clorogenico, gentisico) y alcaloides (indicaina, plantagonina). Las semillas contienen adenina, colina, mucilago, pectina, taninos, acido succinico y almidon. Contiene tambien iridoides y sales minerales ","Para uso externo unicamente."
"MARAnON","Amarillo, anacardo, anacardio, arbol de jobo, caujil, crujir, chura, maranon, maranon rojo, maranon amarillo, marey, mercy, merey, pauji.","Anacardium occidentale L.","Cicatrizante","Corteza.","Interno","flavonoides, naftoquinonas, antraquinonas, alcaloides, taninos, esteroides (P-sitosterol, campestereol, colesterol y estigmasterol), triterpenos y taninos condensados","-"
"MILENRAMA","Milenrama, cientoenrama, maquilea, hierba del carpintero, hierba de Aquiles, colchon de pobre, cola de ardilla, alhucema, mil flores, mil hojas.","Achillea millefolium L.","Cicatrizante","Sumidades floridas.","Interno","camazuleno, cariofileno, azulenos, acetato de bornilo, p-cimeno, linalool, pulegona, eugenol, timol, a- humuleno, bisaboleno, acidos fenolicos, lactonas sesquiterpenicas, flavonoides (apigenina y luteolina), alcaloides (achileina, estacridina, betaina y colina), tiofenos, a- pineno, tuyona, 0-pineno, 0-terpineno, 0-felandreno, p-cimeno y alcanfor ","Embarazo y lactancia. Dispepsias. "
"ORTIGA MAYOR","Ortiga, dominguilla, soliman, chichicastle.","Urtica dioica L.","Cicatrizante","Hojas","Interno/Externo","clorofilas y sus productos de degradacion, carotenoides, vitaminas, triterpenos y esteroles (entre ellos P-sitosterol), acido formico y citrico y esteres del acido cafeico. Las hojas contienen ademas flavonoides derivados del quercetol, kamferol y ramnetol, sales minerales, acidos organicos (cafeico, clorogenico, galico, quinico, formico y acetico), mucilagos y escopoletosido. En los tricomas se encuentran glucoquininas y aminas","Embarazo, lactancia y desequilibrio hidroelectrolitico. "
"PAM PAJARITO","Sedum elrodii M.E.Jones, Sedum minimum Nieuwl. (Missouri Botanical ","Sedum acre L.","Cicatrizante","Hojas","Externo","Alcaloides monosubstituidos: sedridina y sedamina, disubstituidos: sedacrina, sednina y sedinona, rutina, mucilagos, materias gomosas y resinas","Solo para uso externo. "
"PINO MARITIMO","Pino maritimo, pino rodeno.","Pinus pinaster Aiton.","Cicatrizante","Corteza","Interno","acidos organicos como palustrico, abietico, pimarico, oleico, linoleico, palmitico, palmitoleico, estearico, pirulico y elagico; contiene tambien flavonoides, compuestos fenolicos condensados (procianidinas, proantocianidinas), acidos fenolicos (p-cumarico, galico, cafeico, ferulico, p-hidroxibenzoico) ","Embarazo y lactancia. Hipersensibilidad a los componentes de la planta. "
"QUINA","Quina amarilla, azuceno, cascarilla, quina calisaya, quina colorada, quina roja, quina bofuda, cascarilla amarga.","Cinchona pubescens Vahl.","Cicatrizante","Corteza","Interno","alcaloides siendo los principales: quinina, quinidina, cinconina y cinconidina.. Contiene ademas acido quinico, quinovico, quinotanico, materias colorantes, resinas, gomas, taninos, lignina, trazas de aceite esencial, flavonoides y compuestos antraquinonicos ","Embarazo, hipersensibilidad a los componentes de la planta, gastritis, ulceras gastroduodenales. "
"SABILA","Sabila","Aloe vera L.","Cicatrizante","Hojas","Interno","heterosidos antraquinonicos (aloina, isobarbaloina, emodina y aloe- emodina). La pulpa contiene carbohidratos (arabinosa, galactosa, glucosa, manosa y xilosa), enzimas (oxidasa, catalasa, amilasa), resinas, saponinas y acidos crisofanico, galacturonico y uronico. El extracto acuoso de las hojas contiene aminoacidos, lupeol, camposterol y P-sitosterol. El gel contiene bradicininasas, acidos organicos, esteroides, azucares, vitaminas y heterosidos antraquinonicos ","Para uso interno: Estados inflamatorios del tracto digestivo, apendicitis, obstruccion biliar, embarazo, lactancia, dano renal, ninos menores de 12 anos. "
"SALVIA","Salvia, salima.","Salvia officinalis L.","Cicatrizante","Hojas","Interno/Externo","Aceite esencial que contiene a y 0-tuyona, monoterpenos (cineol, alcanfor), sesquiterpenos (humuleno, cariofileno), taninos, acido rosmarinico, flavonoides, 0- sitosterol, estigmasterol, a y 0-amirina, betulina, acidos ursolicos, borneol, saponinas, un polisacarido compuesto por galactosa, metilgalactosa, glucosa, manosa, arabinosa, xilosa y ramnosa ","Embarazo y lactancia. Ninos menores de 2 anos."
"SANGRE DE DRAGO","Sangre de dragon, sangre de drago, sangre de grado, drago, palo de grado, sangue de agua.","Croton lechleri ","Cicatrizante","Latex.","Interno/Externo","alcaloide taspina. Es rico en proantocianidinas, taninos condensados y oligomeros de procianidina o PCOs. Una mezcla de PCOs conocida como SP-303, aislada del latex, esta compuesta principalmente por galoepicatequina y galocatequina con pequenas cantidades de epicatequina y catequina. Se encuentran tambien compuestos aromaticos de bajo peso molecular, diterpenoides y esteroles, entre ellos sitosterol y sitosterol D-glucopiranosido ","Es recomendable no emplear en embarazo, lactancia, ni en ninos menores de tres anos."
"Oregano, oregano europeo, oregano de Espana, mejorana silvestre, oregano silvestre.","Origanum vulgare L.","Vulnerario","Sumidades floridas.","Interno","aceite volatil compuesto principalmente por carvacrol, borneol, terpineol, timol y cimeno. En la planta se encuentran acidos fenolicos (cafeico, clorogenico, rosmarinico), flavonoides derivados de apigenol y de kamferol, taninos y minerales","Embarazo y lactancia. Hipersensibilidad a los componentes de la planta. ","-"
"Quina amarilla, azuceno, cascarilla, quina calisaya, quina colorada, quina roja, quina bofuda, cascarilla amarga.","Cinchona pubescens Vahl.","Vulnenaria","Corteza","Interno","alcaloides siendo los principales: quinina, quinidina, cinconina y cinconidina.. Contiene ademas acido quinico, quinovico, quinotanico, materias colorantes, resinas, gomas, taninos, lignina, trazas de aceite esencial, flavonoides y compuestos antraquinonicos ","Embarazo, hipersensibilidad a los componentes de la planta, gastritis, ulceras gastroduodenales. ","-"
"AZUCENA","Azucena, lirio blanco, flor de la virgen.","Lilium candidum L.","Emoliente","Flores","Externo","acidos organicos, flavonoides, esteroides, glicosidos y compuestos nitrogenados. aislado aminoacidos y acidos ribonucleicos. acidos itaconico, succinico, metilsuccinico y fumarico, saponinas y lilalina ","Solo para uso externo."
"COLA DE CABALLO","Cola de caballo, tembladera, cola grande de caballo, tembladera grande.","Equisetum giganteum L.","Emolientes","Partes aereas.","Interno/Externo","alcaloides piridinicos, nicotina y palustrina (equisetina), flavonoides glicosilados, esteroides, triterpenos, saponinas, acido silicico, compuestos fenolicos, taninos y leucoantocianinas ",""
"HIGUERILLA","Castor, palma christi, higuerilla, ricino.","Ricinus comunis L.","Emoliente","Semilla.","Interno/Externo","alcaloides (ricina y ricinina) y aceite el cual esta compuesto por una mezcla de trigliceridos, 0-sistosterol y pequenas cantidades de acidos linoleico y estearico. Se encuentran ademas varias enzimas (lipasa, catalasa, peroxidada y reductasa), carotenoides, carotenos, tocoferoles, acidos grasos poliinsaturados y fosfolipidos","Hipersensibilidad a alguno de sus componentes. Para uso interno, contraindicado en obstrucciones del tracto biliar y otros disturbios biliares."
"ISPAGULA","Ispagula, psyllium, psilio.","Plantago ovata Forssk","Emoliente","Semillas, cuticulas de las semillas.","Interno","mucilago, polisacaridos insolubles (celulosa, hemicelulosa y lignanos), xilosa, acido behenico, aucubina, fructosa, galactosa, l- arabinosa, l-asparagina, l-cistina, l-rhamnosa, tirosina y acidos linoleico, miristico, oleico, palmitico y estearico","Embarazo y lactancia. Estados inflamatorios u obstructivos del tracto digestivo, apendicitis, obstruccion biliar. "
"MALVA","MALVA","Malva silvestris L.","Emoliente","Hojas y flores.","Interno","mucilagos de naturaleza uronica, taninos, antocianas (malvina), flavonoides y leucocianinas. La hidrolisis del mucilago proporciona galactosa, arabinosa, glucosa, ramnosa y acido galacturonico","Embarazo y lactancia."
"ONAGRA","Onagra, enotera, flor de asno, flor de primavera, flor de primula.","Oenothera biennis L.","Emoliente","Semillas","Interno","alanina, a-amirina, a-tocoferol, arginina, acido aspartico, P-amirina, acido linoleico, 0-sitosterol, campesterol, celulosa, acido glutamico, acido oleico, acido estearico, lisina, metionina, histidina, triptofano, tirosina, valina, glicina, treonina, entre otros compuestos. El aceite de las semillas esta compuesto por acidos grasos principalmente por acido linoleico (aproximadamente 70%), acido y-linoleico, acido oleico, acido palmitico y acido estearico","Embarazo y lactancia. Hipersensibilidad a los componentes de la planta."
"PEREJIL","Perejil.","Petroselinum crispum ","Emoliente","Hojas, frutos y raices.","Interno","flavonoides, cumarinas, furanocumarinas, carotenoides, tocoferol, acido ascorbico, compuestos volatiles y sesquiterpenos. El aceite esencial contiene miristicina, apiol, a y 0-pineno y otros terpenos. taninos, esteroides y triterpenos. flavonoides glicosilados, aceite esencial, acido petroselinico y furanocumarinas (bergapteno). aceite esencial en menor proporcion, flavonoides, furanocumarinas y vitaminas A, B y C ","Embarazo y lactancia. Insuficiencia renal. "
"TRIGO","Trigo, chamorro, espirilla.","Triticum aestivum L.","Emoliente","Semillas","Interno","almidon, celulosa, gluten, fibra, alanina, albumina, apigenina, acido aspartico, fructosa, 0-caroteno, glucosa, ergosterol, dihidroergosterol, acido glutamico, glicina, cisteina, 0-sitosterol, vitamina E. El aceite contiene a y y-tocoferol, campesterol, estigmasterol y 0-sitosterol.","contraindicado en estados inflamatorios u obstructivos del tracto digestivo, apendicitis, obstruccion biliar, embarazo y lactancia. "
"BOLDO","Boldo.","Peumus boldus Molina","Laxante.","Hojas","Oral","alcaloides , aporfina y la noraporfina,  boldina, laurotetanina, coclaurina e isocordina. flavonoides, glicosidos (boldoglucina), taninos y un aceite esencial, el cual contiene a y p pineno, canfeno, sabineno, limoneno, p-cimeno, linalol, alcanfor y ascaridol, ","Estados inflamatorios u obstructivos del tracto digestivo. Apendicitis. Obstruccion biliar. Embarazo y lactancia. "
"CÀSCARA SAGRADA","Cascara sagrada, cascara santa, corteza persa, corteza amarga.","Rhamnus purshiana DC.","Laxante.","Corteza.","Interno","derivados hidroxiantracenicos, especialmente de tipo C-10-glucosilantrona, entre ellos las aloinas A y B, las 11- desoxialoinas A y B y los cascarosidos A, B, C, D, E y F. Entre el 10 y el 20% de la droga se encuentra constituida por O-glucosidos de aloemodina y de frangulaemodina y los aglicones aloemodina, crisofanol, frangulaemodina y fiscion ","Estados inflamatorios u obstructivos del tracto digestivo.  Apendicitis. Obstruccion biliar. Enfermedades del colon, ictericia grave. Embarazo. Lactancia, desequilibrio electrolìtico, en ancianos debilidad, falta de coordinacion e hipotension ortostatica."
"HIGUERILLA","Castor, palma christi, higuerilla, ricino.","Ricinus comunis L.","Laxante.","Semilla.","Interno/Externo","alcaloides (ricina y ricinina) y aceite el cual esta compuesto por una mezcla de trigliceridos, 0-sistosterol y pequenas cantidades de acidos linoleico y estearico. Se encuentran ademas varias enzimas (lipasa, catalasa, peroxidada y reductasa), carotenoides, carotenos, tocoferoles, acidos grasos poliinsaturados y fosfolipidos","Hipersensibilidad a alguno de sus componentes. Para uso interno, contraindicado en obstrucciones del tracto biliar y otros disturbios biliares."
"ISPAGULA","Ispagula, psyllium, psilio.","Plantago ovata Forssk","Laxante.","Semillas, cuticulas de las semillas.","Interno","mucilago, polisacaridos insolubles (celulosa, hemicelulosa y lignanos), xilosa, acido behenico, aucubina, fructosa, galactosa, l- arabinosa, l-asparagina, l-cistina, l-rhamnosa, tirosina y acidos linoleico, miristico, oleico, palmitico y estearico","Embarazo y lactancia. Estados inflamatorios u obstructivos del tracto digestivo, apendicitis, obstruccion biliar. "
"LINAZA","Linaza, lino.","Linum usitatissimum L.","Laxante.","Semillas.","Interno","Las semillas contienen cerca de 40% de aceite con acidos grasos poliinsaturados, lignanos, fibra soluble e insoluble, mucilago (polisacaridos neutros y acidos compuestos principalmente por arabino-ramnosa, galactosa, xilosa y acidos galacturonico y manuronico), aceite fijo, heterosidos cianogeneticos, proteinas, esteroles y triterpenos. Las semillas jovenes contienen monoglucosidos y diglucosidos, mientras que las maduras solo contienen diglucosidos cianogeneticos","Ileo paralitico o dolor abdominal agudo de cualquier origen."
"MALVA","MALVA","Malva silvestris L.","Laxante.","Hojas y flores.","Interno","mucilagos de naturaleza uronica, taninos, antocianas (malvina), flavonoides y leucocianinas. La hidrolisis del mucilago proporciona galactosa, arabinosa, glucosa, ramnosa y acido galacturonico.","Embarazo y lactancia."
"MANZANILLA CRIOLLA","Manzanilla criolla, manzanilla amarga, altamisa, altamisa mexicana, amargosa, artemisia, matricaria comun.","Tanacetum parthenium (L.) Sch. Bip.","Laxante.","Partes aereas.","Interno","Lactonas sesquiterpenicas de las cuales el partenolido es el mas importante, flavonoides (santina, jaceidina, centaureidina, luteolina, apigenina) guaianolidos, aceite esencial el cual contiene alcanfor, acetato de crisantenilo, a-pineno, limoneno, 0-cariofileno y eugenol ","Embarazo y lactancia. Hipersensibilidad a los compuestos de la planta."
"PAPAYA","Papaya, lechosa.","Carica papaya L.","Laxante.","Pulpa.","Interno","proteoliticas, papaina, quimopapainas A y B, dos proteinas fuertemente basicas y peptidasas A y B. En el fruto se encuentran vitaminas A, C, tiamina, riboflavina, niacina, carotenoides (a y 0-caroteno, luteina, licopeno), minerales, acidos organicos y bencenoides.","-"
"PSYLLIUM","Zaragatona, psyllium, indian plantago.","Plantago psyllium L.","Laxante.","Semillas","Interno","celulosa, polisacaridos mucilaginosos (xilosa, acido galacturonico, arabinosa, ramnosa, galactosa, sucrosa, fructosa), proteinas, trisacaridos, iridoides (aucubina, plantarelanosido, aucubosido), esteroides, triterpenos, alcaloides (plantagonina, indicaina, indicamina), taninos ","Estados inflamatorios u obstructivos del tracto digestivo, apendicitis, obstruccion biliar, embarazo y lactancia. Se debe monitorizar al paciente cuando aparecen reacciones alergicas (dermatitis, erupciones cutaneas)."
"RUIBARBO","Ruibarbo","Rheum officinale, Rheum palmatum L.","Laxante.","organos subterraneos.","Interno","heterosidos hidroxiantracenicos (reina, emodina, aloe-emodina, crisofanol y fiscion), acido cinamico y taninos.","Estados inflamatorios u obstructivos del tracto digestivo, apendicitis, obstruccion biliar, embarazo y lactancia. "
"SABILA","Sabila","Aloe vera L.","Laxante","Hojas","Interno","heterosidos antraquinonicos (aloina, isobarbaloina, emodina y aloe- emodina). La pulpa contiene carbohidratos (arabinosa, galactosa, glucosa, manosa y xilosa), enzimas (oxidasa, catalasa, amilasa), resinas, saponinas y acidos crisofanico, galacturonico y uronico. El extracto acuoso de las hojas contiene aminoacidos, lupeol, camposterol y P-sitosterol. El gel contiene bradicininasas, acidos organicos, esteroides, azucares, vitaminas y heterosidos antraquinonicos ","Para uso interno: Estados inflamatorios del tracto digestivo, apendicitis, obstruccion biliar, embarazo, lactancia, dano renal, ninos menores de 12 anos. "
"SAUCO","Sauco","Sambucus nigra L.","Laxante","Hojas, flores y frutos,","Interno","aceite esencial, flavonoides (rutina, isoquercitrina, astragalina y quercitrina), acidos cafeico, ferulico y sus esteres, sambunigrina, (heterosido cianogenetico), triterpenos, a y 0-amirina, mucilago y taninos. Los frutos contienen heterosidos (sambucina, sambucianina y crisantemina), aceite esencial, azucares y vitamina C. En las semillas estan presentes los heterosidos cianogeneticos sambunigrina, prunasina, zierina y holocalina ","Embarazo y lactancia, "
"SEN","Sen, sen de la India","Cassia angustifolia Vahl","Laxante","Hojas","Interno","2.2% de glicosidos hidroxiantracenicos calculados como senosido B, referente a la droga seca. Contiene ademas, flavonoides (kamferol, isorhamnetina) azucares, mucilagos, fitosteroles, saponinas y resina ","Embarazo y lactancia."
"HINOJO","Hinojo","Foeniculum vulgare Mill.","Purgante","Raiz y frutos","Interno","contiene aceite esencial, flavonoides, cumarinas, alcanfor, safrol, a-pineno, felantreno, mirceno, estragol, fenchona, aldehidos, trigonelina, colina, proteinas y grasa. Se han aislado compuestos fenolicos. La raiz contiene cumarinas, palmitato de estigmasterol, terpinenos, a y P pineno, P-mirceno, a-fenantreno, p-cimeno, limoneno y miristicina ","Embarazo. El aceite esencial no debe emplearse en ninos menores de 5 anos. Puede producir fotodermatitis y dermatitis por contacto."
"SAUCO","Sauco","Sambucus nigra L.","Purgante","Hojas, flores y frutos,","Interno","aceite esencial, flavonoides (rutina, isoquercitrina, astragalina y quercitrina), acidos cafeico, ferulico y sus esteres, sambunigrina, (heterosido cianogenetico), triterpenos, a y 0-amirina, mucilago y taninos. Los frutos contienen heterosidos (sambucina, sambucianina y crisantemina), aceite esencial, azucares y vitamina C. En las semillas estan presentes los heterosidos cianogeneticos sambunigrina, prunasina, zierina y holocalina ","Embarazo y lactancia, "
"SEN","Sen, sen de la India","Cassia angustifolia Vahl","Purgante","Hojas","Interno","2.2% de glicosidos hidroxiantracenicos calculados como senosido B, referente a la droga seca. Contiene ademas, flavonoides (kamferol, isorhamnetina) azucares, mucilagos, fitosteroles, saponinas y resina ","Embarazo y lactancia."
"BALSAMINA","Balsamina, bejuco de coje, subicogen, pepinillo, pepino cimarron.","Momordica charantia L.","Anti Diabetico","Hojas","Oral","alcaloides, esteroides, terpenoides, flavonoides, saponinas, compuestos fenolicos, taninos y triterpenos.  triterpenos pentaciclicos, (momordicina, momordicinina, momordicilina), esteroles, aminoacidos, alcaloides, acido ascorbico, citrulina y niacina","hipoglicemia, cetoacidosis diabetica, embarazo, lactancia, menores de 18 anos"
"CASCO DE VACA","Casco de vaca, pata de buey, patebuey, patevaca.","Bauhinia variegata L.","Anti Diarreico.","Hojas/Partes Aèreas","Interno","flavonoides, glicosidos cardiotonicos, antraquinonas y saponinas, flavonas, lupeol y 0- sitosterol. flavonoides como quercetina, rutina, quercitrina y apigenina, naftoquinonas, antraquinonas, taninos, saponinas, lactonas terpenicas, esteroides, triterpenos y un aceite esencial, constituido exclusivamente por sesquiterpenos ","-"
"CHILCA","Chilca, algodoncillo, chilca blanca, chilca negra, chilco, chilco blanco, chilco negro, chirca, chirco, gurrubo, chilca rucia.","Baccharis latifolia (R.& P.) Pers.","Anti Diarrèico","Partes aereas.","Interno/Externo","galotaninos, aceite esencial, leucoantocianidinas, compuestos fenolicos, alcaloides, cumarinas, esteroides y triterpenos como la friedelina, lactonas sesquiterpenicas y flavonoides como quercetina, rutina y quercitrina ","-"
"CIMICIFUGA","Hierba de San Cristobal, raices de cohosh negro, raiz de culebra negra, cimicifuga, hierba rica, raiz de cascabel, raiz de serpiente de cascabel, hierba de cascabel.","Cimicifuga racemosa (L.) Nutt.","Anti Diarrèico","Rizomas","Interno","Alcaloides quinolizidinicos, glucosidos triterpenicos derivados del cicloartano como la acteina, taninos, resina, principios amargos, compuestos estrogenicos y acidos organicos: acetico, butirico, formico, galico, oleico, palmitico y salicilico. la formocetina, isoflavona","Hipersensibilidad a los componentes, embarazo, lactancia. "
"NOGAL BLANCO","Nogal blanco, nogal ceniciento.","Juglans cinerea L.","Anti Diarrèico","Hojas.","Interno","No se han reportado estudios sobre los constituyentes de la hojas de esta planta. Se encuentran estudios sobre constituyentes de las semillas y la corteza.","Enfermedad hepatica."
"QUINA","Quina amarilla, azuceno, cascarilla, quina calisaya, quina colorada, quina roja, quina bofuda, cascarilla amarga.","Cinchona pubescens Vahl.","Anti Diarrèica","Corteza","Interno","alcaloides siendo los principales: quinina, quinidina, cinconina y cinconidina.. Contiene ademas acido quinico, quinovico, quinotanico, materias colorantes, resinas, gomas, taninos, lignina, trazas de aceite esencial, flavonoides y compuestos antraquinonicos ","Embarazo, hipersensibilidad a los componentes de la planta, gastritis, ulceras gastroduodenales. "
"ALBAHACA","Albahaca, alhabega, alfadega, basilica, alfebrega, alfabega, alfabreguera, alfalfa, albaraka.","Ocimun basilicum L.","Anti Flatulento,","Semillas","Oral","terpenoides, especialmente a-pineno, kamfeno, P-pineno, linalool, alcanfor, borneol, metil-eugenol, cariofileno, mirceno, cadineno y eugenol. E . acido cafeico, acido rosmarinico, flavonas, alanina, arginina, metionina, acido ascorbico, acido aspartico, fitosteroles, tiamina, esculetina, riboflavina, acido glutamico,","El aceite esencial esta contraindicado en casos de embarazo, lactancia y en ninos"
"ANIS","Anis.","Pimpinella anisum L.","Anti Flatulento,","Hojas","Oral","anetol, metilchavicol, furanocumarinas, estigmasterol, flavonoides, colina, limoneno, paracimeno y anisaldehido","Hipersensibilidad a sus componentes"
"BALSAMINA","Balsamina, bejuco de coje, subicogen, pepinillo, pepino cimarron.","Momordica charantia L.","Anti Flatulento","Hojas","Oral","alcaloides, esteroides, terpenoides, flavonoides, saponinas, compuestos fenolicos, taninos y triterpenos.  triterpenos pentaciclicos, (momordicina, momordicinina, momordicilina), esteroles, aminoacidos, alcaloides, acido ascorbico, citrulina y niacina","hipoglicemia, cetoacidosis diabetica, embarazo, lactancia, menores de 18 anos"
"CHILCA","Chilca, algodoncillo, chilca blanca, chilca negra, chilco, chilco blanco, chilco negro, chirca, chirco, gurrubo, chilca rucia.","Baccharis latifolia (R.& P.) Pers.","Anti flatulento","Partes aereas.","Interno/Externo","galotaninos, aceite esencial, leucoantocianidinas, compuestos fenolicos, alcaloides, cumarinas, esteroides y triterpenos como la friedelina, lactonas sesquiterpenicas y flavonoides como quercetina, rutina y quercitrina ","-"
"CIDRON ","Cidron, cedron, hierbaluisa, verbena olorosa.","Lippia citriodora (Lam)","Anti flatulento","Hojas","Interno","citral, limoneno, geraniol, citronal, verbenol, linalol, terpineol, terpenos, sesquiterpenos, flavonoides, alcaloides, flavonas y acidos fenolicos. El aceite esencial contiene principalmente geranial, neral y limoneno","Hipersensibilidad a cualquiera de los componentes de la planta."
"Eneldo","Eneldo, anega, aneto.","Anethum graveolens L.","Anti flatulento","Semillas","Interno","flavonoides (kanferol, quercetina e iso-ramnetina), cumarinas (escopoletina, esculetina, bergapteno y umbeliferona), acidos fenolicos (cafeico y clorogenico), aceites fijos, proteinas, beta-sitosterol, triterpenos y aceite esencial con carvona, d-limoneno, felandreno, eugenol, anetol, cariofileno, miristicina, alfa-pineno y mirceno. Contiene tambien compuestos con selenio","El aceite esencial induce aberraciones en los cromosomas de linfocitos humanos e inhibe parcialmente la actividad mitotica"
"LIMONCILLO","Cana santa, hierba de limon, limoncillo, limonaria, patchuli, limonera, cana limonaria, zacateca limon, lemon grass.","Cymbopogon citratus (DC.) Stapf.","Anti Flatulento","Hojas","Interno","aislado flavonoides, acido cafeico, acido p-cumarico, fructosa, sacarosa y compuestos volatiles: terpenos como geraniol, citronelol y citral. aceite esencial que contiene aldehidos, alcoholes, cetonas, esteres, terpenos y sesquiterpenos, entre ellos geraniol y nerol. alcaloides, taninos y flavonoides. ","Hipersensibilidad a los componentes de la planta. Ninos menores de 2 anos. Lactancia."
"Menta","Menta","Mentha piperita var. citrata.","Anti Flatulento","Hojas.","Interno"," P-pineno, linalool, acetato de linalool, mentol, mentona, carbona e isocamfona ","No debe ser administrada a mujeres embarazadas."
"OREGANO","Oregano, oregano europeo, oregano de Espana, mejorana silvestre, oregano silvestre.","Origanum vulgare L.","Anti Flatulento","Sumidades floridas.","Interno","aceite volatil compuesto principalmente por carvacrol, borneol, terpineol, timol y cimeno. En la planta se encuentran acidos fenolicos (cafeico, clorogenico, rosmarinico), flavonoides derivados de apigenol y de kamferol, taninos y minerales","Embarazo y lactancia. Hipersensibilidad a los componentes de la planta. "
"PEREJIL","Perejil.","Petroselinum crispum ","Anti Flatulento","Hojas, frutos y raices.","Interno","flavonoides, cumarinas, furanocumarinas, carotenoides, tocoferol, acido ascorbico, compuestos volatiles y sesquiterpenos. El aceite esencial contiene miristicina, apiol, a y 0-pineno y otros terpenos. taninos, esteroides y triterpenos. flavonoides glicosilados, aceite esencial, acido petroselinico y furanocumarinas (bergapteno). aceite esencial en menor proporcion, flavonoides, furanocumarinas y vitaminas A, B y C ","Embarazo y lactancia. Insuficiencia renal. "
"SALVIA","Salvia, salima.","Salvia officinalis L.","Anti Flatulento","Hojas","Interno/Externo","Aceite esencial que contiene a y 0-tuyona, monoterpenos (cineol, alcanfor), sesquiterpenos (humuleno, cariofileno), taninos, acido rosmarinico, flavonoides, 0- sitosterol, estigmasterol, a y 0-amirina, betulina, acidos ursolicos, borneol, saponinas, un polisacarido compuesto por galactosa, metilgalactosa, glucosa, manosa, arabinosa, xilosa y ramnosa ","Embarazo y lactancia. Ninos menores de 2 anos."
"YERBABUENA","Menta, hierbabuena de menta, piperita.","Mentha piperita L.","Anti Flatulento","Tallos y hojas.","Interno","flavonoides (apigenol, luteol), monoterpenos (mentol, mentona), diterpenos, acidos fenolicos, triterpenos y taninos, aminoacidos libres (arginina, glicina, alanina, asparagina, triptofano). El aceite esencial contiene mentol y sus esteres, mentona, cineol, limoneno, pulegona y carvona","Ninos menores de dos anos. Embarazo y lactancia. "
"GERANIO","Geranio","Pelargonium sidoides DC.","Inmunomodulador","Raiz","Interno","cumarinas, fenoles, acido galico, proantocianidinas, epigalocatequina y galocatequina, 7-hidroxi-cumarinas (umckalina), taninos, aminoacidos, acidos cafeico, clorogenico y p-cumarico y flavonoides ","Hipersensibilidad a los componentes de la planta, tendencia hemorragica aumentada, enfermedades graves hepaticas o renales, embarazo y lactancia. "
"GINKGO BILOBA","Ginkgo.","Ginkgo biloba L.","Anti Oxidante.","Hojas.","Interno","flavonoides glicosilados y las lactonas terpenicas.  acidos organicos, derivados poliacetilenicos y carbohidratos. lactonas terpenicas mas importantes son los ginkgolidos A,B,C, J y la bilobalida. flavonas (luteolina, apigenina y glicosidos. flavonoles, entre ellos quercetina, kamferol, isoramnetina y miricetina. poliacetilenicos se encuentran: acido ginkgolico y acido resorcilico, 3-alquilfenoles conocidos como ginkgoles y 5-alquilresorcinoles, conocidos como biloboles. Adicionalmente se encuentran acidos ascorbico, butirico, p-hidrobenzoico y protocatequico ","Hipersensibilidad a los componentes."
"ONAGRA","Onagra, enotera, flor de asno, flor de primavera, flor de primula.","Oenothera biennis L.","Anti Oxidante","Semillas","Interno","alanina, a-amirina, a-tocoferol, arginina, acido aspartico, P-amirina, acido linoleico, 0-sitosterol, campesterol, celulosa, acido glutamico, acido oleico, acido estearico, lisina, metionina, histidina, triptofano, tirosina, valina, glicina, treonina, entre otros compuestos. El aceite de las semillas esta compuesto por acidos grasos principalmente por acido linoleico (aproximadamente 70%), acido y-linoleico, acido oleico, acido palmitico y acido estearico","Embarazo y lactancia. Hipersensibilidad a los componentes de la planta."
"TRIGO SARRACENO","Trigo sarraceno, alforfon.","Fagopyrum esculentum ","Anti Oxidante","Flores.","Interno","glicosidos, flavonoides (quercetina, rutina, kamferol), antocianinas, flavonas, tocoferol y acidos cafeico y clorogenico. aminoacidos (alanina, arginina, glicina, histidina, lisina e isoleucina), beta- sitosterol, acidos organicos (ascorbico, aspartico, oleico, palmitico, pantotenico y glutamico), campesterol, estigmasterol, riboflavina y tiamina ","-"
"VERBENA LITTORALIS","Verbena, verbena de la costa, verbena blanca, verbena de castilla, verbena mansa, verbena calentana, verbena de campo, yapo, yerba de hechizos.","Verbena littoralis ","Anti Infecciosa","Sumidades floridas.","Interno","iridoides, aceite esencial, taninos, mucilago, alcaloides, esteroides, terpenos, quinonas, flavonoides, compuestos fenolicos, saponinas, antracenosidos, cumarinas, antocianinas. El aceite esencial contiene citral, geraniol y limoneno ","Embarazo. Debe tenerse precaucion con su uso simultaneo con alcohol y otros depresores del SNC y en personas que requieran animo vigilante."
"BALSAMINA","Balsamina, bejuco de coje, subicogen, pepinillo, pepino cimarron.","Momordica charantia L.","Anti Septico ","Hojas ","Oral","alcaloides, esteroides, terpenoides, flavonoides, saponinas, compuestos fenolicos, taninos y triterpenos.  triterpenos pentaciclicos, (momordicina, momordicinina, momordicilina), esteroles, aminoacidos, alcaloides, acido ascorbico, citrulina y niacina","hipoglicemia, cetoacidosis diabetica, embarazo, lactancia, menores de 18 anos"
"EQUINACEA","Equinacea, echinacea, purple cone flower.","Echinacea purpurea L.","Anti Bacteriano,","Raiz","Interno","alquilamidas, isobutilamidas, fenilpropanoides o derivados del acido cafeico, polisacaridos, lectinas, flavonoides, aceite esencial, poliacetilenos, acidos clorogenico y caftarico, trazas de alcaloides y glicoproteinas","No utilizar en pacientes con enfermedades autoinmunes o de tipo alergico, asma bronquial, esclerosis multiple, tuberculosis y VIH, ni en pacientes con historia de atopia o alergia a esta planta o similares. No se recomienda su uso en embarazo y lactancia. No usar por mas de una semana."
"RUDA","Ruda","Ruta graveolens L.","Anti Bacteriano","Parte aerea","Interno","esencial rico en metilcetonas y furanocumarinas (bergapteno, psoraleno, xantoxantina, xantotoxina, rutamarina), alcaloides (arborina, arborinina, graveolina, graveolinina, rutacridona, skiminina), pineno, limoneno, cineol, fenol, lignanos y rutina","Embarazo y lactancia. Debe utilizarse con cautela en pacientes con historia de insuficiencia cardiaca, arritmias o que esten empleando medicamentos anti- hipertensivos "
"SALVIA","Salvia, salima.","Salvia officinalis L.","Bacteriostatico","Hojas","Interno/Externo","Aceite esencial que contiene a y 0-tuyona, monoterpenos (cineol, alcanfor), sesquiterpenos (humuleno, cariofileno), taninos, acido rosmarinico, flavonoides, 0- sitosterol, estigmasterol, a y 0-amirina, betulina, acidos ursolicos, borneol, saponinas, un polisacarido compuesto por galactosa, metilgalactosa, glucosa, manosa, arabinosa, xilosa y ramnosa ","Embarazo y lactancia. Ninos menores de 2 anos."
"AJENJO","Ajenjo, artemisia amarga, hierba santa, absinthium.","Artemisia absinthium L.","Anti Helmintico","Flores","Oral","flavonoides,tuyona, acetato de bornilo, acetato de sabinilotuyol, cineol, linalol, lactonas terpenicas, absintina,artabsina","Epilepsia y embarazo. Evitar su uso prolongado. Por sobredosis o uso prolongado pueden aparecer sintomas de toxicidad debidos a la tuyona."
"AJO","Ajo, chilote, ajo elefante","Allium sativum L.","Anti Helmintico","Bulbos","Oral","alicina,ajoeno,apigenina, quercetina, miricetina,saponinas, aminoacidos ","Hipersensibilidad a los componentes de la droga"
"ANAMU","Anamu, apacin, mapurito, ajillo, zorrillo, hierba hedionda, jazmillo, mazote, chanviro, mucura, tipi, raiz de pipi, anamo,urgat.","Petiveria alliacea L.","Anti Helmintico","Hojas","Oral","trisulfuros, aceite esencial, triterpenos, esteroides, alcaloides, flavonoides, taninos, cumarinas, alantoina, acidos oleico, linolenico, palmitico, estearico, lignocerico","embarazo, lactancia"
"BALSAMINA","Balsamina, bejuco de coje, subicogen, pepinillo, pepino cimarron.","Momordica charantia L.","Anti Helmintico","Hojas","Oral","alcaloides, esteroides, terpenoides, flavonoides, saponinas, compuestos fenolicos, taninos y triterpenos.  triterpenos pentaciclicos, (momordicina, momordicinina, momordicilina), esteroles, aminoacidos, alcaloides, acido ascorbico, citrulina y niacina","hipoglicemia, cetoacidosis diabetica, embarazo, lactancia, menores de 18 anos"
"CASCO DE VACA","Casco de vaca, pata de buey, patebuey, patevaca.","Bauhinia variegata L.","Anti Helmintico","Hojas/Partes Aèreas","Interno","flavonoides, glicosidos cardiotonicos, antraquinonas y saponinas, flavonas, lupeol y 0- sitosterol. flavonoides como quercetina, rutina, quercitrina y apigenina, naftoquinonas, antraquinonas, taninos, saponinas, lactonas terpenicas, esteroides, triterpenos y un aceite esencial, constituido exclusivamente por sesquiterpenos ",""
"EUCALIPTO","Eucalipto, ocalito ucal, eucaliptus.","Eucalyptus globulus Labill.","Anti Helminticas","Hojas","Interno","cineol (eucaliptol), terpineol, pineno, canfeno, eudesmol, aldehidos y alcohol etilico, amilico e isoamilico. acidos fenolicos (galico, gentisico, cafeico y ferulico), flavonoides (rutina, quercitrina, isoquercitrina, eucaliptina), terpenos, sesquiterpenos y taninos","Embarazo y lactancia. Inflamaciones del tracto gastrointestinal o de las vias biliares. Insuficiencia hepatica."
"RUDA","Ruda","Ruta graveolens L.","Anti Helmintico","Parte aerea","Interno","esencial rico en metilcetonas y furanocumarinas (bergapteno, psoraleno, xantoxantina, xantotoxina, rutamarina), alcaloides (arborina, arborinina, graveolina, graveolinina, rutacridona, skiminina), pineno, limoneno, cineol, fenol, lignanos y rutina","Embarazo y lactancia. Debe utilizarse con cautela en pacientes con historia de insuficiencia cardiaca, arritmias o que esten empleando medicamentos anti- hipertensivos "
"VERBENA OFFICINALIS","Verbena","Verbena officinalis L.","Anti Helmintica","Sumidades floridas","Interno","Contiene flavonoides (luteolina 7-diglucoronido), glucosidos (verbelina, verbenina), taninos, aceite volatil el cual contiene geraniol, limoneno y verbenona. En el extracto metanolico de las hojas se encuentran ademas iridoides, derivados de acidos fenolicos, verbenalina, verbascosido y apigenina ","Embarazo, ninos menores de dos anos."
"ZANAHORIA","Zanahoria, acenoria, azanoria, sinoria, forrajera.","Daucus carota L.","Anti Helmintico","Raiz","Interno","Las raices contienen caroteno, azucares, sitosterina, estigmasterina, lecitina, glutamina, pectina, vitaminas y proteinas. El aceite esencial contiene alfa-pineno y otros terpenos. ","-"
"EQUINACEA","Equinacea, echinacea, purple cone flower.","Echinacea purpurea L.","Anti Fungico","Raiz","Interno","alquilamidas, isobutilamidas, fenilpropanoides o derivados del acido cafeico, polisacaridos, lectinas, flavonoides, aceite esencial, poliacetilenos, acidos clorogenico y caftarico, trazas de alcaloides y glicoproteinas","No utilizar en pacientes con enfermedades autoinmunes o de tipo alergico, asma bronquial, esclerosis multiple, tuberculosis y VIH, ni en pacientes con historia de atopia o alergia a esta planta o similares. No se recomienda su uso en embarazo y lactancia. No usar por mas de una semana."
"RÀBANO","Rabano, rabano blanco.","Raphanus sativus L.","Anti Fungico ","Raiz","Interno","glucosidos, antocianinas, acidos ferulico y cumarinico, peptidos, peroxidasas, alcaloides, componentes sulfuricos, alilisotiocianato, saponinas, taninos, flavonoides, compuestos fenolicos, cumarinas, esteroles y esteres de acido sinapinico ","El rabano contiene concentraciones altas de glucosinolato, sustancia que actua sobre la glandula tiroides presentando un efecto antitiroideo, inductor de bocio."
"RUDA","Ruda","Ruta graveolens L.","Anti Fungico","Parte aerea","Interno","esencial rico en metilcetonas y furanocumarinas (bergapteno, psoraleno, xantoxantina, xantotoxina, rutamarina), alcaloides (arborina, arborinina, graveolina, graveolinina, rutacridona, skiminina), pineno, limoneno, cineol, fenol, lignanos y rutina","Embarazo y lactancia. Debe utilizarse con cautela en pacientes con historia de insuficiencia cardiaca, arritmias o que esten empleando medicamentos anti- hipertensivos "
"ACHIOTE","Bija, achiote, achote, bicha, onoto, anato, urucu.","Bixa orellana L.","Antiinflamatorio","Semillas","Externo","bixina, norbixina, fitoeno,caroteno,saponinas,compuestos fenolicos, aceites fijos, terpenoides, tocotrienoles, flavonoides, luteolina y apigenina","Uso externo unicamente."
"GUABA","Guaba, cargamanta, papa cimarrona.","Phytolacca bogotensis Kunth.","Antiinflamatorio local","Raiz.","Externo","saponinas, fitolacina o acido fitolactico, acido formico, glucosidos, triterpenos, oxalato de calcio y materias pepticas ","-"
"AJI","Aji, aji pimienta, cayena. Aji de plaza, aji picante, aji comun, aji pajarito. Aji chivato, aji pajarito, pimiento, aji dulce, aji pimienta, pimenton, pimiento marron.","Capsicum annuum var. minimum, Capsicum frutescens L., Capsicum baccatum L.","Rubefaciente","Fruto","Externo","flavonoides, apiosido, luteina, aceite esencial, vitamina C, vitamina B1, vitamina B2,  capsaicina, dihidrocapsaicina, nordihidrocapsaicina,  homocapsaicina, carotenoides, saponinas","Uso externo unicamente."
"ORTIGA MAYOR","Ortiga, dominguilla, soliman, chichicastle.","Urtica dioica L.","Rubefaciente","Hojas","Interno/Externo","clorofilas y sus productos de degradacion, carotenoides, vitaminas, triterpenos y esteroles (entre ellos P-sitosterol), acido formico y citrico y esteres del acido cafeico. Las hojas contienen ademas flavonoides derivados del quercetol, kamferol y ramnetol, sales minerales, acidos organicos (cafeico, clorogenico, galico, quinico, formico y acetico), mucilagos y escopoletosido. En los tricomas se encuentran glucoquininas y aminas","Embarazo, lactancia y desequilibrio hidroelectrolitico. "
"ORTIGA MENOR","Ortiga, ortiga negra, ortiga comun, ortiga menor, picamoscas, ortiga blanca.","Urtica urens L.","Rubefaciente","Hojas","Interno","fenolicos como escopoletina, acidos cafeico y clorogenico, betaina, colina, lecitina, fitosterinas, serotonina, flavonoides, taninos y vitaminas","Embarazo y lactancia. Desequilibrio hidroelectrolitico. Hipersensiblidad a sus componentes. "
"VERBENA OFFICINALIS","Verbena","Verbena officinalis L.","Rubefaciente ","Sumidades floridas","Interno","Contiene flavonoides (luteolina 7-diglucoronido), glucosidos (verbelina, verbenina), taninos, aceite volatil el cual contiene geraniol, limoneno y verbenona. En el extracto metanolico de las hojas se encuentran ademas iridoides, derivados de acidos fenolicos, verbenalina, verbascosido y apigenina ","Embarazo, ninos menores de dos anos."
"AJI","Aji, aji pimienta, cayena. Aji de plaza, aji picante, aji comun, aji pajarito. Aji chivato, aji pajarito, pimiento, aji dulce, aji pimienta, pimenton, pimiento marron.","Capsicum annuum var. minimum, Capsicum frutescens L., Capsicum baccatum L.","Analgesico Muscular","Fruto","Externo","flavonoides, apiosido, luteina, aceite esencial, vitamina C, vitamina B1, vitamina B2,  capsaicina, dihidrocapsaicina, nordihidrocapsaicina,  homocapsaicina, carotenoides, saponinas","Uso externo unicamente."
"ARNICA","Arnica de las montanas, estornudadera, tabaco de montana, quina de los pobres.","Arnica montana L.","Analgesico muscular","Flores","Externo","sesquiterpenlactonas helenalina y 11a,13-dihidrohelenalina. Las flores contienen ademas, flavonoides (isoquercitrina y astragalina), derivados del acido quinico y arnicina.","hipersensibilidad a componentes, heridas abiertas"
"CANELO DE  MONTE","Canelo, canela amarga, casca de anta, cataya, capororoca picante, malamba, melambo, palo de aji.","Drimys winteri J.R. y G. Forster","Analgesico","Corteza y hojas.","Interno","flavonoides como kamferol, sesquiterpenos (germacreno-D, drimenol), terpenos y lactonas. aceite esencial, taninos, cineol, a y 0-pineno, manitol, eugenol, poligodial, linalool, 0-cariofileno, a- humuleno, farnesol, los flavonoides taxifolina y astilbina y vitamina C","-"
"GUARANA","Guarana, cupana, paulinia, guaranazeiro, guanazeiro, guara.","Paullinia cupana H.B.K.","Analgesico","Semillas","Interno","alcaloides (cafeina, teobromina, teofilina), taninos, pectina, saponinas y aceite esencial con sequiterpenos, monoterpenos, anetol y estragol ","Embarazo y lactancia, personas con patologias cardiovasculares o sensibles a la cafeina, ansiedad, colon irritable, arritmias."
"PRONTO ALIVIO","Falsa melissa, pronto alivio, quita dolor, menta americana, poleo, salvia americana, toronjil de Espana, toronjil isleno, toronjil mentol, hierba del negro, mirto, orozul, salva-brava, cidrila, orozul de menta, orozul de palo, salvavida, cidrela, malojillo extranjero, curalotodo.","Lippia alba ","Analgèsico","Partes aereas","Interno/Externo","alcaloides, flavonoides, taninos e iridoides. Por estudios efectuados con el aceite esencial de las hojas es posible distinguir en esta especie tres quimiotipos citral- mirceno, citral-limoneno y carvona-limoneno. En las hojas se han encontrado alcaloides, flavonoides, aceite esencial (geranial, cariofileno, citronelal y otros terpenos) ","Decoccion e infusion de las hojas de la planta."
"SANGRE DE DRAGO","Sangre de dragon, sangre de drago, sangre de grado, drago, palo de grado, sangue de agua.","Croton lechleri ","Analgèsico","Latex.","Interno/Externo","alcaloide taspina. Es rico en proantocianidinas, taninos condensados y oligomeros de procianidina o PCOs. Una mezcla de PCOs conocida como SP-303, aislada del latex, esta compuesta principalmente por galoepicatequina y galocatequina con pequenas cantidades de epicatequina y catequina. Se encuentran tambien compuestos aromaticos de bajo peso molecular, diterpenoides y esteroles, entre ellos sitosterol y sitosterol D-glucopiranosido ","Es recomendable no emplear en embarazo, lactancia, ni en ninos menores de tres anos."
"SAUCE","Sauce, sauce chileno, sauce amargo, sauz.","Salix humboldtiana ","Analgèsico","Corteza y hojas.","Interno","salicina, un glucosido que se hidroliza produciendo saligenina y dextrosa. Ademas se encuentran taninos, aceite esencial, flavonoides y un colorante. ","Hipersensibilidad a alguno de los componentes de la planta y a los salicilatos. "
"SAUCE","Sauce, sauce chileno, sauce amargo, sauz.","Salix humboldtiana ","Analgesico","Corteza y hojas.","Interno","salicina, un glucosido que se hidroliza produciendo saligenina y dextrosa. Ademas se encuentran taninos, aceite esencial, flavonoides y un colorante. ","Hipersensibilidad a alguno de los componentes de la planta y a los salicilatos. "
"BALSAMINA","Balsamina, bejuco de coje, subicogen, pepinillo, pepino cimarron.","Momordica charantia L.","Antirreumatico","Hojas","Oral","alcaloides, esteroides, terpenoides, flavonoides, saponinas, compuestos fenolicos, taninos y triterpenos.  triterpenos pentaciclicos, (momordicina, momordicinina, momordicilina), esteroles, aminoacidos, alcaloides, acido ascorbico, citrulina y niacina","hipoglicemia, cetoacidosis diabetica, embarazo, lactancia, menores de 18 anos"
"CULANTRO","Culantro, cilantro, coriander, chicoria, culantro de coyote, culantron, culantro de sabana, culantro hediondo, cimarron, pericon, cilantron, acopate.","Eryngium foetidum L.","Antirreumatico","Partes aereas.","Interno","flavonoides, saponinas, triterpenos, taninos, caroteno, riboflavina, estigmasterol, campesterol, beta-sitosterol y aceite esencial constituido principalmente por alfa-pineno ","No usar durante el embarazo, lactancia, ni en ninos menores de 3 anos."
"GUABA","Guaba, cargamanta, papa cimarrona.","Phytolacca bogotensis Kunth.","Antirreumatico ","Raiz.","Externo","saponinas, fitolacina o acido fitolactico, acido formico, glucosidos, triterpenos, oxalato de calcio y materias pepticas ","-"
"CANELA","Canelo de Ceilan, canelo.","Cinnamomum zeylanicum Nees.","Antiespasmodico","Corteza.","Interno","aldehido cinamico, eugenol, a- felandreno, P-linalool, acetato de linalilo, benzaldehido, P-cariofileno, acido benzoico y cinamato de bencilo. taninos, cumarinas, azucares y resina. ","Hipersensibilidad a los componentes de la planta. No se recomienda a ninos menores de dos anos ni en mujeres embarazadas o lactantes "
"CIDRON ","Cidron, cedron, hierbaluisa, verbena olorosa.","Lippia citriodora (Lam)","Antiespasmodico","Hojas","Interno","citral, limoneno, geraniol, citronal, verbenol, linalol, terpineol, terpenos, sesquiterpenos, flavonoides, alcaloides, flavonas y acidos fenolicos. El aceite esencial contiene principalmente geranial, neral y limoneno","Hipersensibilidad a cualquiera de los componentes de la planta."
"LIMONCILLO","Cana santa, hierba de limon, limoncillo, limonaria, patchuli, limonera, cana limonaria, zacateca limon, lemon grass.","Cymbopogon citratus (DC.) Stapf.","Antiespasmodico","Hojas","Interno","aislado flavonoides, acido cafeico, acido p-cumarico, fructosa, sacarosa y compuestos volatiles: terpenos como geraniol, citronelol y citral. aceite esencial que contiene aldehidos, alcoholes, cetonas, esteres, terpenos y sesquiterpenos, entre ellos geraniol y nerol. alcaloides, taninos y flavonoides. ","Hipersensibilidad a los componentes de la planta. Ninos menores de 2 anos. Lactancia."
"Menta","Menta","Mentha piperita var. citrata.","Antiespasmodico","Hojas.","Interno"," P-pineno, linalool, acetato de linalool, mentol, mentona, carbona e isocamfona ","No debe ser administrada a mujeres embarazadas."
"MILENRAMA","Milenrama, cientoenrama, maquilea, hierba del carpintero, hierba de Aquiles, colchon de pobre, cola de ardilla, alhucema, mil flores, mil hojas.","Achillea millefolium L.","Antiespasmodico","Sumidades floridas.","Interno","camazuleno, cariofileno, azulenos, acetato de bornilo, p-cimeno, linalool, pulegona, eugenol, timol, a- humuleno, bisaboleno, acidos fenolicos, lactonas sesquiterpenicas, flavonoides (apigenina y luteolina), alcaloides (achileina, estacridina, betaina y colina), tiofenos, a- pineno, tuyona, 0-pineno, 0-terpineno, 0-felandreno, p-cimeno y alcanfor ","Embarazo y lactancia. Dispepsias. "
"PASIFLORA","Maracuya, flor de la pasion, pasionaria","Passiflora incarnata L.","Antiespasmodica","Hojas.","Interno","flavonoides (vitexina, apigenina, luteolina, swertisina), C- glicosil-flavonas, derivados cumarinicos y pequenas cantidades de aceite esencial. La planta contiene alcaloides derivados de la P-carbolina, otros alcaloides del harmano (harmol, harmalol, harmina, harmalina), glicosidos gianogeneticos, esteroides (sitosterol, estigmasterol) y benzopironas. ","Embarazo y lactancia. Debe tenerse precaucion con su uso simultaneo con alcohol y otros depresores del SNC y en personas que requieren animo vigilante."
"TRIGO SARRACENO","Trigo sarraceno, alforfon.","Fagopyrum esculentum ","Anti Edematoso","Flores.","Interno","glicosidos, flavonoides (quercetina, rutina, kamferol), antocianinas, flavonas, tocoferol y acidos cafeico y clorogenico. aminoacidos (alanina, arginina, glicina, histidina, lisina e isoleucina), beta- sitosterol, acidos organicos (ascorbico, aspartico, oleico, palmitico, pantotenico y glutamico), campesterol, estigmasterol, riboflavina y tiamina ","-"
"CAFe","Cafe, cafeto enano, cafeto San Lorenzo, cafeto San Ramon.","Coffea arabica L.","Vasodilatador.","Semillas.","Interno","alcaloides, entre ellos: cafeina, teobromina, teofilina y trigonelina, compuestos fenolicos, acidos organicos, esteroles, taninos y sales minerales","Cardiopatia. ulcera peptica. A dosis elevadas puede producir taquicardia, insomnio, irritabilidad, reflujo gastroesofagico y ulcera peptica."
"GINKGO BILOBA","Ginkgo.","Ginkgo biloba L.","Vasodilatador periferico.","Hojas.","Interno","flavonoides glicosilados y las lactonas terpenicas.  acidos organicos, derivados poliacetilenicos y carbohidratos. lactonas terpenicas mas importantes son los ginkgolidos A,B,C, J y la bilobalida. flavonas (luteolina, apigenina y glicosidos. flavonoles, entre ellos quercetina, kamferol, isoramnetina y miricetina. poliacetilenicos se encuentran: acido ginkgolico y acido resorcilico, 3-alquilfenoles conocidos como ginkgoles y 5-alquilresorcinoles, conocidos como biloboles. Adicionalmente se encuentran acidos ascorbico, butirico, p-hidrobenzoico y protocatequico ","Hipersensibilidad a los componentes."
"GUARANA","Guarana, cupana, paulinia, guaranazeiro, guanazeiro, guara.","Paullinia cupana H.B.K.","Vasodilatador","Semillas","Interno","alcaloides (cafeina, teobromina, teofilina), taninos, pectina, saponinas y aceite esencial con sequiterpenos, monoterpenos, anetol y estragol ","Embarazo y lactancia, personas con patologias cardiovasculares o sensibles a la cafeina, ansiedad, colon irritable, arritmias."
"ORTIGA MAYOR","Ortiga, dominguilla, soliman, chichicastle.","Urtica dioica L.","vasodilatadora","Hojas","Interno/Externo","clorofilas y sus productos de degradacion, carotenoides, vitaminas, triterpenos y esteroles (entre ellos P-sitosterol), acido formico y citrico y esteres del acido cafeico. Las hojas contienen ademas flavonoides derivados del quercetol, kamferol y ramnetol, sales minerales, acidos organicos (cafeico, clorogenico, galico, quinico, formico y acetico), mucilagos y escopoletosido. En los tricomas se encuentran glucoquininas y aminas","Embarazo, lactancia y desequilibrio hidroelectrolitico. "
"VID","Uva, vid, vidueno, viduno, videira.","Vitis vinifera L.","Vasodilatador","Hojas.","Interno","rutosido, quercitrosido, isoquercitrosido, kanfeno, luteol, taninos, antocianosidos, leucoantocianosidos, reveratrol. flavonoides, proantocianidinas, oligomeros polifenolicos, tocoferoles, aceite graso y esencial.","Hipersensibilidad a alguno de sus componentes, embarazo y lactancia."
"GINSENG","Ginseng, mandragora.","Panax ginseng C.C. Mey.","Cardiotonico,","Raiz.","Interno","conocidos como panaxosidos o ginsenosidos los cuales pueden hidrolizarse liberando las agliconas que se denominan panaxadioles o panaxatrioles. Contiene ademas aceite esencial, polisacaridos, proteinas, acidos fenolicos y esteroides (","Embarazo, lactancia, hipertension y ansiedad."
"YARUMO","Yarumo, guarumo, agrumo, orumo.","Cecropia mutisiana","Cardiotonico","Hojas.","Interno","extracto etanolico de las hojas frescas contiene taninos y esteroles no saturados. Se hallan presentes, igualmente, compuestos de tipo flavonoides, cumarinas y lactonas terpenicas. No se detectaron alcaloides, antraquinonas, saponinas, esteroles ni heterosidos cardiotonicos. El analisis fitoquimico preliminar del extracto etanolico mostro la presencia de flavonoides, taninos, compuestos terpenicos y/o esteroides y lactonas terpenicas ","-"
"AJO","Ajo, chilote, ajo elefante","Allium sativum L.","Hipotensor","Bulbos","Oral","alicina,ajoeno,apigenina, quercetina, miricetina,saponinas, aminoacidos ","Hipersensibilidad a los componentes de la droga"
"TRIGO SARRACENO","Trigo sarraceno, alforfon.","Fagopyrum esculentum ","Hipotensor","Flores.","Interno","glicosidos, flavonoides (quercetina, rutina, kamferol), antocianinas, flavonas, tocoferol y acidos cafeico y clorogenico. aminoacidos (alanina, arginina, glicina, histidina, lisina e isoleucina), beta- sitosterol, acidos organicos (ascorbico, aspartico, oleico, palmitico, pantotenico y glutamico), campesterol, estigmasterol, riboflavina y tiamina ","-"
"VID","Uva, vid, vidueno, viduno, videira.","Vitis vinifera L.","Vasopresor","Hojas.","Interno","rutosido, quercitrosido, isoquercitrosido, kanfeno, luteol, taninos, antocianosidos, leucoantocianosidos, reveratrol. flavonoides, proantocianidinas, oligomeros polifenolicos, tocoferoles, aceite graso y esencial.","Hipersensibilidad a alguno de sus componentes, embarazo y lactancia."
"EUCALIPTO","Eucalipto, ocalito ucal, eucaliptus.","Eucalyptus globulus Labill.","Expectorantes","Hojas","Interno","cineol (eucaliptol), terpineol, pineno, canfeno, eudesmol, aldehidos y alcohol etilico, amilico e isoamilico. acidos fenolicos (galico, gentisico, cafeico y ferulico), flavonoides (rutina, quercitrina, isoquercitrina, eucaliptina), terpenos, sesquiterpenos y taninos","Embarazo y lactancia. Inflamaciones del tracto gastrointestinal o de las vias biliares. Insuficiencia hepatica."
"GINSENG","Ginseng, mandragora.","Panax ginseng C.C. Mey.","Expectorante","Raiz.","Interno","conocidos como panaxosidos o ginsenosidos los cuales pueden hidrolizarse liberando las agliconas que se denominan panaxadioles o panaxatrioles. Contiene ademas aceite esencial, polisacaridos, proteinas, acidos fenolicos y esteroides (","Embarazo, lactancia, hipertension y ansiedad."
"HIEDRA","Hiedra.","Hedera helix L.","Expectorante","Hojas.","Interno","saponosidos triterpenicos, heterosidos de la hederagenina, heterosidos del acido oleanolico, flavonoides (rutina, kamferol), poliacetilenos (falcarinona, falcarinol), estigmasterol, sitosterol, colesterol, campesterol, acidos cafeico y clorogenico, hidrocarburos sesquiterepenicos","Reacciones de hipersensibilidad. Embarazo y lactancia. "
"HISOPO","HISOPO","Hyssopus officinalis L.","Expectorante","Sumidades floridas","Interno","terpenoides, flavonoides, taninos, resina y aceite esencial, el cual esta constituido por alcanfor, pinocanfona, isopinocanfona, P-pineno, canfeno, linalol, terpineol y acetato de bornilo, P- sitosterol, cineol, linalool, terpineol y cadineno ","Embarazo y lactancia. Gastritis. Sindrome de intestino irritable y colitis ulcerosa."
"JENGIBRE","Jengibre, gengibre, ajengibre, jengibre dulce, picantillo.","Zingiber officinale Roscoe","Expectorante","Rizoma","Interno","fenoles y cetonas aromaticas conocidas como gingeroles. La oleorresina del rizoma (4-7.5%) contiene principalmente a-zingiribeno, gingeroles y shogaoles. El aceite esencial contiene hidrocarburos mono y sesquiterpenicos, compuestos carbonilicos, alcoholes y esteres. Los principales componentes son el zingiribeno y el sesquifelendreno. Se ha detectado la presencia de saponinas, flavonoides y alcaloides. ","Embarazo y lactancia. Ninos menores de 2 anos. ulcera peptica y gastritis."
"MALVA","MALVA","Malva silvestris L.","Expectorante","Hojas y flores.","Interno","mucilagos de naturaleza uronica, taninos, antocianas (malvina), flavonoides y leucocianinas. La hidrolisis del mucilago proporciona galactosa, arabinosa, glucosa, ramnosa y acido galacturonico.","Embarazo y lactancia."
"MARRUBIO BLANCO","Marrubio blanco, marrubio, juanrubio, malvarrubia, matico.","Marrubium vulgare L.","Expectorante","Sumidades floridas.","Interno","Lactonas diterpenicas (marrubiina, premarrubiina, marrubiol, peregrinol, vulgarol), flavonoides (apigenina, luteolina y sus derivados, quercetina y sus derivados, vitexina), acidos fenolicos y derivados (cafeico, clorogenico, cafeilquinico), taninos, saponinas, cumarinas, alcaloides, esteroles, mucilago, pectina y aceite esencial que contiene 0- pineno, bisabolol y 0-elemona","Contraindicado en pacientes con problemas cardiacos o renales."
"OREGANO","Oregano, oregano europeo, oregano de Espana, mejorana silvestre, oregano silvestre.","Origanum vulgare L.","Expectorante","Sumidades floridas.","Interno","aceite volatil compuesto principalmente por carvacrol, borneol, terpineol, timol y cimeno. En la planta se encuentran acidos fenolicos (cafeico, clorogenico, rosmarinico), flavonoides derivados de apigenol y de kamferol, taninos y minerales","Embarazo y lactancia. Hipersensibilidad a los componentes de la planta. "
"PENSAMIENTO","Pensamiento, amor perfecto bravo, flor de la trinidad, suegras y nueras, trinitaria, violeta azul.","Viola tricolor L.","Expectorante","Hojas y flores","Interno","Acido salicilico y derivados, acidos fenolicos (trans-cafeico, cis y trans p-cumarico, gentisico, protocatequico) mucilago compuesto por glucosa, galactosa, arabinosa y ramnosa, taninos, flavonoides (quercetina, rutina, violantina, escoparina), C-heterosidos (vitexina, saponaretina, orientina), antocianosidos, cumarinas, carotenoides, saponinas, acido ascorbico y a-tocoferol, terpenos, triterpenos y alcaloides ","Embarazo y lactancia, ninos menores de 2 anos y en personas que sufren de asma."
"PRONTO ALIVIO","Falsa melissa, pronto alivio, quita dolor, menta americana, poleo, salvia americana, toronjil de Espana, toronjil isleno, toronjil mentol, hierba del negro, mirto, orozul, salva-brava, cidrila, orozul de menta, orozul de palo, salvavida, cidrela, malojillo extranjero, curalotodo.","Lippia alba ","Expectorante","Partes aereas","Interno/Externo","alcaloides, flavonoides, taninos e iridoides. Por estudios efectuados con el aceite esencial de las hojas es posible distinguir en esta especie tres quimiotipos citral- mirceno, citral-limoneno y carvona-limoneno. En las hojas se han encontrado alcaloides, flavonoides, aceite esencial (geranial, cariofileno, citronelal y otros terpenos) ","Decoccion e infusion de las hojas de la planta."
"SABILA","Sabila","Aloe vera L.","Expectorante","Hojas","Interno","heterosidos antraquinonicos (aloina, isobarbaloina, emodina y aloe- emodina). La pulpa contiene carbohidratos (arabinosa, galactosa, glucosa, manosa y xilosa), enzimas (oxidasa, catalasa, amilasa), resinas, saponinas y acidos crisofanico, galacturonico y uronico. El extracto acuoso de las hojas contiene aminoacidos, lupeol, camposterol y P-sitosterol. El gel contiene bradicininasas, acidos organicos, esteroides, azucares, vitaminas y heterosidos antraquinonicos ","Para uso interno: Estados inflamatorios del tracto digestivo, apendicitis, obstruccion biliar, embarazo, lactancia, dano renal, ninos menores de 12 anos. "
"SAUCO","Sauco","Sambucus nigra L.","Expectorante","Hojas, flores y frutos,","Interno","aceite esencial, flavonoides (rutina, isoquercitrina, astragalina y quercitrina), acidos cafeico, ferulico y sus esteres, sambunigrina, (heterosido cianogenetico), triterpenos, a y 0-amirina, mucilago y taninos. Los frutos contienen heterosidos (sambucina, sambucianina y crisantemina), aceite esencial, azucares y vitamina C. En las semillas estan presentes los heterosidos cianogeneticos sambunigrina, prunasina, zierina y holocalina ","Embarazo y lactancia, "
"VERBENA OFFICINALIS","Verbena","Verbena officinalis L.","Expectorante","Sumidades floridas","Interno","Contiene flavonoides (luteolina 7-diglucoronido), glucosidos (verbelina, verbenina), taninos, aceite volatil el cual contiene geraniol, limoneno y verbenona. En el extracto metanolico de las hojas se encuentran ademas iridoides, derivados de acidos fenolicos, verbenalina, verbascosido y apigenina ","Embarazo, ninos menores de dos anos."
"VIRA-VIRA","Cenizo, suso, vira-vira.","Achyrocline bogotensis ","Expectorante","Partes aereas","Interno","alcaloides, flavonoides, taninos, antraquinonas, saponinas, esteroles y triterpenos. Se ha aislado quercetina, 3-metoxiquercetina, gnafalina y 0-sitosterol En las flores secas se encuentran tres flavonas metoxiladas. Del extracto metanolico de las partes aereas se han aislado los acrirodimeros A, B, C , D y E, pinorresinol, escoporoan, escopoletina, acido ursolico y sitosterol ","Embarazo y lactancia. Menores de 18 anos. Hipersensibilidad a alguno de los componentes de la planta."
"EUCALIPTO","Eucalipto, ocalito ucal, eucaliptus.","Eucalyptus globulus Labill.","Mucoliticas","Hojas","Interno","cineol (eucaliptol), terpineol, pineno, canfeno, eudesmol, aldehidos y alcohol etilico, amilico e isoamilico. acidos fenolicos (galico, gentisico, cafeico y ferulico), flavonoides (rutina, quercitrina, isoquercitrina, eucaliptina), terpenos, sesquiterpenos y taninos","Embarazo y lactancia. Inflamaciones del tracto gastrointestinal o de las vias biliares. Insuficiencia hepatica."
"HIEDRA","Hiedra.","Hedera helix L.","Mucolitico","Hojas.","Interno","saponosidos triterpenicos, heterosidos de la hederagenina, heterosidos del acido oleanolico, flavonoides (rutina, kamferol), poliacetilenos (falcarinona, falcarinol), estigmasterol, sitosterol, colesterol, campesterol, acidos cafeico y clorogenico, hidrocarburos sesquiterepenicos","Reacciones de hipersensibilidad. Embarazo y lactancia. "
"CIMICIFUGA","Hierba de San Cristobal, raices de cohosh negro, raiz de culebra negra, cimicifuga, hierba rica, raiz de cascabel, raiz de serpiente de cascabel, hierba de cascabel.","Cimicifuga racemosa (L.) Nutt.","Antitusivo","Rizomas","Interno","Alcaloides quinolizidinicos, glucosidos triterpenicos derivados del cicloartano como la acteina, taninos, resina, principios amargos, compuestos estrogenicos y acidos organicos: acetico, butirico, formico, galico, oleico, palmitico y salicilico. la formocetina, isoflavona","Hipersensibilidad a los componentes, embarazo, lactancia. "
"PENSAMIENTO","Pensamiento, amor perfecto bravo, flor de la trinidad, suegras y nueras, trinitaria, violeta azul.","Viola tricolor L.","Antitusivo","Hojas y flores","Interno","Acido salicilico y derivados, acidos fenolicos (trans-cafeico, cis y trans p-cumarico, gentisico, protocatequico) mucilago compuesto por glucosa, galactosa, arabinosa y ramnosa, taninos, flavonoides (quercetina, rutina, violantina, escoparina), C-heterosidos (vitexina, saponaretina, orientina), antocianosidos, cumarinas, carotenoides, saponinas, acido ascorbico y a-tocoferol, terpenos, triterpenos y alcaloides ","Embarazo y lactancia, ninos menores de 2 anos y en personas que sufren de asma."
"RUDA","Ruda","Ruta graveolens L.","Antitusivo","Parte aerea","Interno","esencial rico en metilcetonas y furanocumarinas (bergapteno, psoraleno, xantoxantina, xantotoxina, rutamarina), alcaloides (arborina, arborinina, graveolina, graveolinina, rutacridona, skiminina), pineno, limoneno, cineol, fenol, lignanos y rutina","Embarazo y lactancia. Debe utilizarse con cautela en pacientes con historia de insuficiencia cardiaca, arritmias o que esten empleando medicamentos anti- hipertensivos "
"VIOLETA","Violeta, violeta comun.","Viola odorata L.","Antitusivo.","Hojas y flores.","Interno","saponinas, tirosina, violamina, gaulterina, alcaloides similares a la emetina, antocianina, flavonoides, emetina e irona. Contiene pequenas cantidades de aceite esencial y mucilago ","Embarazo y lactancia. Asma, ninos menores de 2 anos."
"ALGARROBO","Algarrobo, algarroba, algarrobillo, copa, copal, guapinol, nazareno, jatuba, curbaril.","Hymenaea courbaril L.","Anti tos","Corteza","Oral","taninos, flavonoides, esteroides, catequina, resina aromatica,diterpenos, sesquiterpenos, β-bisaboleno, cadineno, cariofileno","Usar bajo supervision medica en personas diabeticas."
"HISOPO","HISOPO","Hyssopus officinalis L.","Anti Tos","Sumidades floridas","Interno","terpenoides, flavonoides, taninos, resina y aceite esencial, el cual esta constituido por alcanfor, pinocanfona, isopinocanfona, P-pineno, canfeno, linalol, terpineol y acetato de bornilo, P- sitosterol, cineol, linalool, terpineol y cadineno ","Embarazo y lactancia. Gastritis. Sindrome de intestino irritable y colitis ulcerosa."
"MILENRAMA","Milenrama, cientoenrama, maquilea, hierba del carpintero, hierba de Aquiles, colchon de pobre, cola de ardilla, alhucema, mil flores, mil hojas.","Achillea millefolium L.","Descongestionante","Sumidades floridas.","Interno","camazuleno, cariofileno, azulenos, acetato de bornilo, p-cimeno, linalool, pulegona, eugenol, timol, a- humuleno, bisaboleno, acidos fenolicos, lactonas sesquiterpenicas, flavonoides (apigenina y luteolina), alcaloides (achileina, estacridina, betaina y colina), tiofenos, a- pineno, tuyona, 0-pineno, 0-terpineno, 0-felandreno, p-cimeno y alcanfor ","Embarazo y lactancia. Dispepsias. "
"ARNICA","Arnica de las montanas, estornudadera, tabaco de montana, quina de los pobres.","Arnica montana L.","Anti Neuralgica","Flores","Externo","sesquiterpenlactonas helenalina y 11a,13-dihidrohelenalina. Las flores contienen ademas, flavonoides (isoquercitrina y astragalina), derivados del acido quinico y arnicina.","hipersensibilidad a componentes, heridas abiertas"
"GUARANA","Guarana, cupana, paulinia, guaranazeiro, guanazeiro, guara.","Paullinia cupana H.B.K.","Anti Neuralgico,","Semillas","Interno","alcaloides (cafeina, teobromina, teofilina), taninos, pectina, saponinas y aceite esencial con sequiterpenos, monoterpenos, anetol y estragol ","Embarazo y lactancia, personas con patologias cardiovasculares o sensibles a la cafeina, ansiedad, colon irritable, arritmias."
"MILENRAMA","Milenrama, cientoenrama, maquilea, hierba del carpintero, hierba de Aquiles, colchon de pobre, cola de ardilla, alhucema, mil flores, mil hojas.","Achillea millefolium L.","Descongestionante","Sumidades floridas.","Interno","camazuleno, cariofileno, azulenos, acetato de bornilo, p-cimeno, linalool, pulegona, eugenol, timol, a- humuleno, bisaboleno, acidos fenolicos, lactonas sesquiterpenicas, flavonoides (apigenina y luteolina), alcaloides (achileina, estacridina, betaina y colina), tiofenos, a- pineno, tuyona, 0-pineno, 0-terpineno, 0-felandreno, p-cimeno y alcanfor ","Embarazo y lactancia. Dispepsias. "
"CANELA","Canelo de Ceilan, canelo.","Cinnamomum zeylanicum Nees.","Eupeptico","Corteza.","Interno","aldehido cinamico, eugenol, a- felandreno, P-linalool, acetato de linalilo, benzaldehido, P-cariofileno, acido benzoico y cinamato de bencilo. taninos, cumarinas, azucares y resina. ","Hipersensibilidad a los componentes de la planta. No se recomienda a ninos menores de dos anos ni en mujeres embarazadas o lactantes "
"QUINA","Quina amarilla, azuceno, cascarilla, quina calisaya, quina colorada, quina roja, quina bofuda, cascarilla amarga.","Cinchona pubescens Vahl.","Eupèptica","Corteza","Interno","alcaloides siendo los principales: quinina, quinidina, cinconina y cinconidina.. Contiene ademas acido quinico, quinovico, quinotanico, materias colorantes, resinas, gomas, taninos, lignina, trazas de aceite esencial, flavonoides y compuestos antraquinonicos ","Embarazo, hipersensibilidad a los componentes de la planta, gastritis, ulceras gastroduodenales. "
"SALVIA","Salvia, salima.","Salvia officinalis L.","Eupeptico","Hojas","Interno/Externo","Aceite esencial que contiene a y 0-tuyona, monoterpenos (cineol, alcanfor), sesquiterpenos (humuleno, cariofileno), taninos, acido rosmarinico, flavonoides, 0- sitosterol, estigmasterol, a y 0-amirina, betulina, acidos ursolicos, borneol, saponinas, un polisacarido compuesto por galactosa, metilgalactosa, glucosa, manosa, arabinosa, xilosa y ramnosa ","Embarazo y lactancia. Ninos menores de 2 anos."
"AJENJO","Ajenjo, artemisia amarga, hierba santa, absinthium.","Artemisia absinthium L.","Estimulante del Apetito ","Flores","Oral","flavonoides,tuyona, acetato de bornilo, acetato de sabinilotuyol, cineol, linalol, lactonas terpenicas, absintina,artabsina","Epilepsia y embarazo. Evitar su uso prolongado. Por sobredosis o uso prolongado pueden aparecer sintomas de toxicidad debidos a la tuyona."
"CARDAMOMO","Cardamomo, cardamomi, cardamomo menor.","Elettaria cardamomun L.","Estimulante  del Apetito","Semillas.","Interno","1,8-cineol, a-felandreno, a y 0-pineno, a-terpineno, a-terpenil-acetato, borneol, camfeno, alcanfor, carbohidratos, citronelol, limoneno, linalool, almidon, pentosano, acidos. aceite esencial (2-8%) el cual contiene citronelol, 1,8- cineol, linalil acetato, linalool, sabineno, nerolidol, a-terpineol, geraniol, neral, acetato de geranilo y limoneno caprilico, caproico, palmitico, oleico y linoleico, resinas y minerales.","Evitar su uso en personas gestantes o lactantes. No administrar ni aplicar topicamente a ninos menores de seis anos ni a personas con alergias respiratorias o con hipersensibilidad conocida a este u otros aceites esenciales."
"GENCIANA","Genciana, genciana mayor, genciana amarilla, xensa, errosta, gengiba, junciana, xaranzana.","Gentiana lutea L.","Estimulante del apetito","Raices y Rizomas","Interno","Secoiridoides (Swertiamarina, genciopicrosido, amarogencina, swerosido), xantonas (gentisina, isogentisina), xantonas glicosiladas (genciosidos), fitosteroles, pectinas. ","Embarazo, hipertension. "
"MILENRAMA","Milenrama, cientoenrama, maquilea, hierba del carpintero, hierba de Aquiles, colchon de pobre, cola de ardilla, alhucema, mil flores, mil hojas.","Achillea millefolium L.","Estimulante del apetito","Sumidades floridas.","Interno","camazuleno, cariofileno, azulenos, acetato de bornilo, p-cimeno, linalool, pulegona, eugenol, timol, a- humuleno, bisaboleno, acidos fenolicos, lactonas sesquiterpenicas, flavonoides (apigenina y luteolina), alcaloides (achileina, estacridina, betaina y colina), tiofenos, a- pineno, tuyona, 0-pineno, 0-terpineno, 0-felandreno, p-cimeno y alcanfor ","Embarazo y lactancia. Dispepsias. "
"RÀBANO","Rabano, rabano blanco.","Raphanus sativus L.","Estimulante del apetito","Raiz","Interno","glucosidos, antocianinas, acidos ferulico y cumarinico, peptidos, peroxidasas, alcaloides, componentes sulfuricos, alilisotiocianato, saponinas, taninos, flavonoides, compuestos fenolicos, cumarinas, esteroles y esteres de acido sinapinico ","El rabano contiene concentraciones altas de glucosinolato, sustancia que actua sobre la glandula tiroides presentando un efecto antitiroideo, inductor de bocio."
"ROMERO","Romero, romeo, rosmarino, aroma de mar.","Rosmarinus officinalis L.","Estimulante del apetito ","Hojas y flores.","Interno","acidos cafeico, clorogenico y rosmarinico, flavonas (apigenina y luteolina), lactonas diterpenicas (apicrosalvina), alcaloide rosmaricina en baja concentracion, taninos, flavonoides, un aceite esencial que contiene pineno, cineol, alcanfor y limoneno ","Por uso interno: embarazo, lactancia, gastritis, obstruccion biliar. Por via topica, no se debe administrar a ninos menores de 6 anos"
"CANELA","Canelo de Ceilan, canelo.","Cinnamomum zeylanicum Nees.","Aperitivo","Corteza.","Interno","aldehido cinamico, eugenol, a- felandreno, P-linalool, acetato de linalilo, benzaldehido, P-cariofileno, acido benzoico y cinamato de bencilo. taninos, cumarinas, azucares y resina. ","Hipersensibilidad a los componentes de la planta. No se recomienda a ninos menores de dos anos ni en mujeres embarazadas o lactantes "
"CIMICIFUGA","Hierba de San Cristobal, raices de cohosh negro, raiz de culebra negra, cimicifuga, hierba rica, raiz de cascabel, raiz de serpiente de cascabel, hierba de cascabel.","Cimicifuga racemosa (L.) Nutt.","Aperitivo","Rizomas","Interno","Alcaloides quinolizidinicos, glucosidos triterpenicos derivados del cicloartano como la acteina, taninos, resina, principios amargos, compuestos estrogenicos y acidos organicos: acetico, butirico, formico, galico, oleico, palmitico y salicilico. la formocetina, isoflavona","Hipersensibilidad a los componentes, embarazo, lactancia. "
"CULANTRO","Culantro, cilantro, coriander, chicoria, culantro de coyote, culantron, culantro de sabana, culantro hediondo, cimarron, pericon, cilantron, acopate.","Eryngium foetidum L.","Aperitivo","Partes aereas.","Interno","flavonoides, saponinas, triterpenos, taninos, caroteno, riboflavina, estigmasterol, campesterol, beta-sitosterol y aceite esencial constituido principalmente por alfa-pineno ","No usar durante el embarazo, lactancia, ni en ninos menores de 3 anos."
"GINSENG","Ginseng, mandragora.","Panax ginseng C.C. Mey.","Aperitivo","Raiz.","Interno","conocidos como panaxosidos o ginsenosidos los cuales pueden hidrolizarse liberando las agliconas que se denominan panaxadioles o panaxatrioles. Contiene ademas aceite esencial, polisacaridos, proteinas, acidos fenolicos y esteroides (","Embarazo, lactancia, hipertension y ansiedad."
"MARRUBIO BLANCO","Marrubio blanco, marrubio, juanrubio, malvarrubia, matico.","Marrubium vulgare L.","Aperitivo","Sumidades floridas.","Interno","Lactonas diterpenicas (marrubiina, premarrubiina, marrubiol, peregrinol, vulgarol), flavonoides (apigenina, luteolina y sus derivados, quercetina y sus derivados, vitexina), acidos fenolicos y derivados (cafeico, clorogenico, cafeilquinico), taninos, saponinas, cumarinas, alcaloides, esteroles, mucilago, pectina y aceite esencial que contiene 0- pineno, bisabolol y 0-elemona","Contraindicado en pacientes con problemas cardiacos o renales."
"OREGANO","Oregano, oregano europeo, oregano de Espana, mejorana silvestre, oregano silvestre.","Origanum vulgare L.","Aperitivo","Sumidades floridas.","Interno","aceite volatil compuesto principalmente por carvacrol, borneol, terpineol, timol y cimeno. En la planta se encuentran acidos fenolicos (cafeico, clorogenico, rosmarinico), flavonoides derivados de apigenol y de kamferol, taninos y minerales","Embarazo y lactancia. Hipersensibilidad a los componentes de la planta. "
"SAUCE","Sauce, sauce chileno, sauce amargo, sauz.","Salix humboldtiana ","Aperitivo","Corteza y hojas.","Interno","salicina, un glucosido que se hidroliza produciendo saligenina y dextrosa. Ademas se encuentran taninos, aceite esencial, flavonoides y un colorante. ","Hipersensibilidad a alguno de los componentes de la planta y a los salicilatos. "
"MARRUBIO BLANCO","Marrubio blanco, marrubio, juanrubio, malvarrubia, matico.","Marrubium vulgare L.","Digestivo,","Sumidades floridas.","Interno","Lactonas diterpenicas (marrubiina, premarrubiina, marrubiol, peregrinol, vulgarol), flavonoides (apigenina, luteolina y sus derivados, quercetina y sus derivados, vitexina), acidos fenolicos y derivados (cafeico, clorogenico, cafeilquinico), taninos, saponinas, cumarinas, alcaloides, esteroles, mucilago, pectina y aceite esencial que contiene 0- pineno, bisabolol y 0-elemona","Contraindicado en pacientes con problemas cardiacos o renales."
"OREGANO","Oregano, oregano europeo, oregano de Espana, mejorana silvestre, oregano silvestre.","Origanum vulgare L.","Digestivo","Sumidades floridas.","Interno","aceite volatil compuesto principalmente por carvacrol, borneol, terpineol, timol y cimeno. En la planta se encuentran acidos fenolicos (cafeico, clorogenico, rosmarinico), flavonoides derivados de apigenol y de kamferol, taninos y minerales","Embarazo y lactancia. Hipersensibilidad a los componentes de la planta. "
"OREGANO","Oregano, oregano europeo, oregano de Espana, mejorana silvestre, oregano silvestre.","Origanum vulgare L.","Carminativo","Sumidades floridas.","Interno","aceite volatil compuesto principalmente por carvacrol, borneol, terpineol, timol y cimeno. En la planta se encuentran acidos fenolicos (cafeico, clorogenico, rosmarinico), flavonoides derivados de apigenol y de kamferol, taninos y minerales","Embarazo y lactancia. Hipersensibilidad a los componentes de la planta. "
"OREGANO","Oregano, oregano europeo, oregano de Espana, mejorana silvestre, oregano silvestre.","Origanum vulgare L.","Carminativo","Sumidades floridas.","Interno","aceite volatil compuesto principalmente por carvacrol, borneol, terpineol, timol y cimeno. En la planta se encuentran acidos fenolicos (cafeico, clorogenico, rosmarinico), flavonoides derivados de apigenol y de kamferol, taninos y minerales","Embarazo y lactancia. Hipersensibilidad a los componentes de la planta. "
"PRONTO ALIVIO","Falsa melissa, pronto alivio, quita dolor, menta americana, poleo, salvia americana, toronjil de Espana, toronjil isleno, toronjil mentol, hierba del negro, mirto, orozul, salva-brava, cidrila, orozul de menta, orozul de palo, salvavida, cidrela, malojillo extranjero, curalotodo.","Lippia alba ","Carminativo","Partes aereas","Interno/Externo","alcaloides, flavonoides, taninos e iridoides. Por estudios efectuados con el aceite esencial de las hojas es posible distinguir en esta especie tres quimiotipos citral- mirceno, citral-limoneno y carvona-limoneno. En las hojas se han encontrado alcaloides, flavonoides, aceite esencial (geranial, cariofileno, citronelal y otros terpenos) ","Decoccion e infusion de las hojas de la planta."
"SALVIA","Salvia, salima.","Salvia officinalis L.","Carminativo","Hojas","Interno/Externo","Aceite esencial que contiene a y 0-tuyona, monoterpenos (cineol, alcanfor), sesquiterpenos (humuleno, cariofileno), taninos, acido rosmarinico, flavonoides, 0- sitosterol, estigmasterol, a y 0-amirina, betulina, acidos ursolicos, borneol, saponinas, un polisacarido compuesto por galactosa, metilgalactosa, glucosa, manosa, arabinosa, xilosa y ramnosa ","Embarazo y lactancia. Ninos menores de 2 anos."
"TORONJIL","Toronjil.","Melissa officinalis L.","Carminativo","Tallos y hojas.","Interno","elementos minerales, taninos, acidos fenolicos (cafeico, clorogenico, rosmarinico), aceite esencial con aldehidos terpenicos (citral, citronelal, metilcitronelal), flavonoides (luteolina, rhamanzina), sesquiterpenos (0- cariofileno, germacreno D) y alcoholes terpenicos (geraniol, linalool, acetato de geranilo)","Debe administrarse con precaucion a personas que requieran animo vigilante."
"VALERIANA OFFICINALIS","Valeriana","Valeriana officinalis L.","Carminativo","Raiz y rizomas.","Interno","valepotriatos, diovaltrato, acevaltrato, isovaltrato, acido clorogenico, colina, acido cafeico, acido bohemico. Acido isovalerianico e isovalerianato de bornilo, acidos valerianicos, acetico, formico y malico, alcaloides y glucosidos. El aceite esencial contiene acetato de bornilo, cariofileno, terpineno, canfeno, timol, valeranol, isovalerato, a y 0-pineno, borneol, p-cimeno, limoneno, acido valerico ","Debe tenerse precaucion con el uso simultaneo con alcohol y otros depresores del SNC y en personas que requieran animo vigilante. "
"ZANAHORIA","Zanahoria, acenoria, azanoria, sinoria, forrajera.","Daucus carota L.","Carminativo","Raiz","Interno","Las raices contienen caroteno, azucares, sitosterina, estigmasterina, lecitina, glutamina, pectina, vitaminas y proteinas. El aceite esencial contiene alfa-pineno y otros terpenos. ",""
